name,number
Darcie,24
Molly,68
Kye,64
Evelyn,70
Tina,63
Christina,42
Evie,45
Penelope,13
Salma,81
Emmie,85
Sam,49
Ellie,19
May,69
Tilly,95
Millie,29
Lana,25
Khadija,31
Rhonda,6
Aaliyah,17
Heather,76
Amira,74
Erika,47
Anais,11
Annabel,37
Frankie,53
Crystal,87
Lydia,30
Ebony,66
Alina,75
Carmen,65
Layla,27
Eleanor,93
Laura,90
Eliza,33
Lara,91
Taylor,86
Katy,8
Danielle,98
Melody,62
Esme,100
Scarlett,1
Amirah,96
Amelia,2
Yasmine,43
Jerry,10
Cory,22
Courtney,67
Kimberley,4
Lily,72
Bella,3
Anne,52
Ella,15
Kyra,16
Florence,5
Lowri,20
Rebecca,50
Betty,21
Charlie,38
Libby,82
Orla,80
Kara,9
Sofia,54
Hannah,26
Constance,59
Alannah,40
Francesca,32
Hafsah,94
Sharon,56
Kian,14
Cleo,34
Mariam,79
Ray,35
Linda,36
Hazel,78
Daisy,41
Paula,48
Natalie,83
Sylvia,61
Claudia,92
Leyla,23
Lucy,55
Jessie,99
Hanna,44
Monica,51
Isabelle,28
Khadijah,84
Stephanie,60
Jean,101
Leia,89
Lois,77
Carla,46
Elle,73
Jesse,18
Sally,58
Hollie,97
Nadia,7
Megan,12
Keira,71
Neve,57
Priya,39
Ana,88